source_id,record_id,original_language,original_title,english_title,original_supporting_excerpt,english_supporting_excerpt,translation_note,source_url,access_date
NEWS_2025_MX_heineken-yucatan-water_N001,N001,English,Trouble brewing: Maya people in Yucatán fear new Heineken plant’s thirst for water,Trouble brewing: Maya people in Yucatán fear new Heineken plant’s thirst for water,Indigenous groups in Mexico opposed to the planned brewery say families already have little access to water.,Indigenous groups in Mexico opposed to the planned brewery say families already have little access to water.,Original source language is English; no translation needed.,https://www.theguardian.com/global-development/2025/oct/04/maya-heineken-brewery-yucatan-mexico-cenote-ring,2026-06-26
NEWS_2025_IN_chhatarpur-toxic-discharge_N002,N002,English,NGT orders probe into toxic discharge from Chhatarpur brewery,NGT orders probe into toxic discharge from Chhatarpur brewery,NGT set up a joint committee to inspect the site and submit a factual and action-taken report.,NGT set up a joint committee to inspect the site and submit a factual and action-taken report.,Original source language is English; no translation needed.,https://timesofindia.indiatimes.com/city/bhopal/ngt-orders-probe-into-toxic-discharge-from-chhatarpur-brewery/articleshow/124729061.cms,2026-06-26
NEWS_2025_US_island-brewing-noise_N003,N003,English,"Carpinteria Residents Sue City, Island Brewing Co. Over Live Music","Carpinteria Residents Sue City, Island Brewing Co. Over Live Music",The lawsuit claims Carpinteria received 78 noise complaints related to live music at Island Brewing.,The lawsuit claims Carpinteria received 78 noise complaints related to live music at Island Brewing.,Original source language is English; no translation needed.,https://www.noozhawk.com/carpinteria-residents-sue-city-island-brewing-co-over-live-music/,2026-06-26
NEWS_2019_US_maui-clean-water-brewers_N004,N004,English,How a Supreme Court case about water pollution could impact craft beer,How a Supreme Court case about water pollution could impact craft beer,A group of 60 craft breweries asked the U.S. Supreme Court to uphold the Clean Water Act.,A group of 60 craft breweries asked the U.S. Supreme Court to uphold the Clean Water Act.,Original source language is English; no translation needed.,https://www.fooddive.com/news/how-a-supreme-court-case-about-water-pollution-could-impact-craft-beer/565176/,2026-06-26
ARTICLE_2017_US_neighborhood-change-pint_A001,A001,English,"Neighborhood Change, One Pint at a Time: The Impact of Local Characteristics on Craft Breweries","Neighborhood Change, One Pint at a Time: The Impact of Local Characteristics on Craft Breweries",Craft beer is entangled with the process of neighborhood change.,Craft beer is entangled with the process of neighborhood change.,Original source language is English; no translation needed.,https://jmbarajas.com/publication/beer-chapter/beer-chapter.pdf,2026-06-26
ARTICLE_2018_US_craft-breweries-local-characteristics_A002,A002,English,The Impact of Local Characteristics on Craft Breweries,The Impact of Local Characteristics on Craft Breweries,Protecting residents from potential displacement.,Protecting residents from potential displacement.,Original source language is English; no translation needed.,https://arxiv.org/pdf/1802.03140,2026-06-26
REPORT_2020_US_brewery-pollution-prevention_R001,R001,English,Pollution Prevention: Brewing Success with P2 Grantees,Pollution Prevention: Brewing Success with P2 Grantees,"Beer production yields significant quantities of waste byproducts, wastewater effluents, and air emissions.","Beer production yields significant quantities of waste byproducts, wastewater effluents, and air emissions.",Original source language is English; no translation needed.,https://portal.ct.gov/-/media/DEEP/p2/business_industry/Breweries/P2-Brewery-Factsheet_Oct2020EPA.pdf,2026-06-26
REPORT_2020_US_brewery-wastewater-bmps_R002,R002,English,Wastewater Best Management Practices for Breweries,Wastewater Best Management Practices for Breweries,Wastewater that is too acidic or too alkaline can seriously corrode the sewer system.,Wastewater that is too acidic or too alkaline can seriously corrode the sewer system.,Original source language is English; no translation needed.,https://www.des.nh.gov/sites/g/files/ehbemt341/files/documents/2020-01/wastewater-bmps-breweries.pdf,2026-06-26
ARTICLE_2026_GLOBAL_small-breweries-footprints_A003,A003,English,"Small Breweries, Large Footprints? Environmental Implications of Craft Brewing","Small Breweries, Large Footprints? Environmental Implications of Craft Brewing",Rapid expansion of the craft brewing sector has increased organically rich waste.,Rapid expansion of the craft brewing sector has increased organically rich waste.,Original source language is English; no translation needed.,https://www.mdpi.com/2076-3298/13/3/164,2026-06-26
NEWS_2019_MX_constellation-mexicali-water_N005,N005,Spanish,En Baja California escogen entre agua y cerveza,"In Baja California, they choose between water and beer",Con residentes de Mexicali intentando detener una de las cerveceras más grandes de México por su uso de agua.,With Mexicali residents trying to stop one of Mexico’s largest breweries because of its water use.,Agent-provided English equivalent for evidence coding; original title and excerpt retained.,https://dialogue.earth/es/agua/26653-en-baja-california-escogen-entre-agua-y-cerveza/,2026-06-26
ARTICLE_2021_MX_resistencias-cervecera-mexicali_A004,A004,Spanish,El movimiento de las resistencias unidas contra la cervecera transnacional Constellation Brands en Mexicali,The United Resistance Movement against the transnational brewer Constellation Brands in Mexicali,El No obtuvo el triunfo con un sorprendente 76 % de los votos.,The No option won with a striking 76% of the votes.,Agent-provided English equivalent for evidence coding; original title and excerpt retained.,https://revistas.usantotomas.edu.co/index.php/campos/article/view/7665,2026-06-26
NEWS_2024_AR_ogham-bariloche-noise_N006,N006,Spanish,Vecino histórico de Bariloche denuncia daños a la salud por ruidos de cervecería sin habilitación adecuada,Long-time Bariloche resident denounces health harms from noise at a brewery without adequate authorization,Expone un conflicto entre el desarrollo comercial y el derecho al descanso de los vecinos.,It exposes a conflict between commercial development and neighbors’ right to rest.,Agent-provided English equivalent for evidence coding; original title and excerpt retained.,https://baribache3000.com.ar/nota/1359/vecino-historico-de-bariloche-denuncia-danos-a-la-salud-por-ruidos-de-cerveceria-sin-habilitacion-adecuada/,2026-06-26
NEWS_2017_AR_boom-cervecerias-ruidos_N007,N007,Spanish,La otra cara del boom de las cervecerías: crecen las quejas por ruidos molestos,The other side of the brewery boom: complaints about nuisance noise grow,"Ruidos molestos, ocupación de la vereda, vibraciones en las medianeras y malos olores son algunos de los motivos.","Nuisance noise, sidewalk occupation, vibrations in party walls, and bad odors are some of the reasons.",Agent-provided English equivalent for evidence coding; original title and excerpt retained.,https://www.clarin.com/ciudades/cara-boom-cervecerias-crecen-quejas-ruidos-molestos_0_HJnVTnkIz.html,2026-06-26
NEWS_2022_BR_delta-porto-alegre-noise_N008,N008,Portuguese,Moradores e cervejaria no 4º Distrito entram em conflito,Residents and brewery in the 4th District enter into conflict,Está na Justiça um caso envolvendo a relação da vizinhança com a Cervejaria Delta.,A case involving the neighborhood’s relationship with Cervejaria Delta is in court.,Agent-provided English equivalent for evidence coding; original title and excerpt retained.,https://www.jornaldocomercio.com/_conteudo/colunas/pensar_a_cidade/2022/05/846355-moradores-e-cervejaria-no-4-distrito-entram-em-conflito.html,2026-06-26
NEWS_2020_BR_belorizontina-contaminacao_N009,N009,Portuguese,Ministério confirma contaminação da água na produção de cervejas,Ministry confirms water contamination in beer production,O ministério confirmou a contaminação da água usada na produção das cervejas.,The ministry confirmed contamination of the water used in beer production.,Agent-provided English equivalent for evidence coding; original title and excerpt retained.,https://agenciabrasil.ebc.com.br/geral/noticia/2020-01/ministerio-confirma-contaminacao-da-agua-na-producao-de-cervejas,2026-06-26
REPORT_2024_FR_microbrasseries-eau-effluents_R003,R003,French,Maîtrise de l’eau et des effluents dans les microbrasseries,Managing water and effluents in microbreweries,Le projet s’intéresse aux consommations d’eau et aux rejets des brasseries dont la capacité de production est inférieure à 1000 hL par an.,The project examines water consumption and discharges from breweries with production capacity under 1000 hL per year.,Agent-provided English equivalent for evidence coding; original title and excerpt retained.,https://enilea.fr/uploads/2024/03/GUIDE-METHODOLOGIQUE-Projet_beer_EAU_EFFLUENT_BRASSERIE_ENIL.pdf,2026-06-26
REPORT_2023_FR_biere-impact-eau_R004,R004,French,Consommation d’eau et transports : comment améliorer l’impact qu’a l’industrie de la bière sur l’environnement ?,Water consumption and transport: how to improve the beer industry’s environmental impact?,"En moyenne, il faut 5 litres d’eau pour produire 1 litre de bière.","On average, 5 liters of water are needed to produce 1 liter of beer.",Agent-provided English equivalent for evidence coding; original title and excerpt retained.,https://blog.sowefund.com/consommation-deau-et-transports-comment-ameliorer-limpact-qua-lindustrie-de-la-biere-sur-lenvironnement/,2026-06-26
NEWS_2019_NL_davo-brouwerij-overlast_N010,N010,Dutch,Omwonenden zijn overlast van de DAVO brouwerij-pub helemaal zat,Local residents are completely fed up with nuisance from the DAVO brewery-pub,Ongeveer vijftig bewoners van de Deventer Raambuurt en het Pothoofd willen dat de overlast van de brouwerij-pub DAVO Bieren stopt.,About fifty residents of Deventer’s Raambuurt and Pothoofd want nuisance from the DAVO Bieren brewery-pub to stop.,Agent-provided English equivalent for evidence coding; original title and excerpt retained.,https://www.salland1.nl/omwonenden-zijn-overlast-van-de-davo-brouwerij-pub-helemaal-zat/,2026-06-26
LEGAL_2021_NL_biercafe-geluidsoverlast_L001,L001,Dutch,Uitspraak 202007160/1/A3 - exploitatievergunning biercafé en geluidsoverlast,Decision 202007160/1/A3 - beer café operating permit and noise nuisance,"Omwonenden van het biercafé hebben zienswijzen over de aangevraagde exploitatievergunning naar voren gebracht, vanwege de geluidsoverlast.",Nearby residents of the beer café submitted views on the requested operating permit because of noise nuisance.,Agent-provided English equivalent for evidence coding; original title and excerpt retained.,https://www.raadvanstate.nl/%40127557/202007160-1-a3/,2026-06-26
REPORT_2024_BE_vlarem-microbrouwerijen-afvalwater_R005,R005,Dutch,Indeling afvalwater (micro)brouwerijen - VLAREM rubriek 3.4,Classification of wastewater from (micro)breweries - VLAREM section 3.4,Het afvalwater van (micro)brouwerijen wordt beschouwd als bedrijfsafvalwater.,Wastewater from (micro)breweries is considered industrial wastewater.,Agent-provided English equivalent for evidence coding; original title and excerpt retained.,https://omgeving.vlaanderen.be/nl/indeling-afvalwater-microbrouwerijen-vlarem-rubriek-34,2026-06-26
NEWS_2026_DE_bier-aus-klaeranlage_N011,N011,German,Bier der Zukunft mit Wasser aus der Kläranlage?,Beer of the future with water from the wastewater treatment plant?,Sinkendes Grundwasser und schrumpfende Seen: Bayern muss Wasser neu denken.,Declining groundwater and shrinking lakes: Bavaria must rethink water.,Agent-provided English equivalent for evidence coding; original title and excerpt retained.,https://www.br.de/nachrichten/bayern/ressource-wasser-wird-das-bier-der-zukunft-aus-urin-gebraut%2CVJh74eO,2026-06-26
REPORT_2019_IT_effluenti-industria-birra_R006,R006,Italian,Trattamento degli effluenti nell’industria della birra e valorizzazione dei suoi residui liquidi,Treatment of effluents in the beer industry and valorization of liquid residues,Trattamento delle acque reflue mediante processi biologici nell’industria della birra.,Wastewater treatment through biological processes in the beer industry.,Agent-provided English equivalent for evidence coding; original title and excerpt retained.,https://condorchem.com/it/blog/trattamento-degli-effluenti-nell-industria-della-birra-e-valorizzazione-dei-suoi-residui-liquidi/,2026-06-26
REPORT_2025_IT_molestia-movida-rumore_R007,R007,Italian,Rumore. Movida e inquinamento acustico: l’incertezza della Cassazione,Noise. Nightlife and acoustic pollution: uncertainty in the Court of Cassation,L’inquinamento acustico non significa solo molestia e disturbo.,Acoustic pollution does not mean only annoyance and disturbance.,Agent-provided English equivalent for evidence coding; original title and excerpt retained.,https://www.lexambiente.com/index.php/materie/rumore/dottrina180/rumore-movida-e-inquinamento-acustico-lincertezza-della-cassazione,2026-06-26
