source_id,source_type,title,file_path,source_url,publication_date,access_date,full_text_access_status,download_status,checksum_sha256,notes
NEWS_2025_MX_heineken-yucatan-water_N001,news,Trouble brewing: Maya people in Yucatán fear new Heineken plant’s thirst for water,sources/news/NEWS_2025_MX_heineken-yucatan-water_N001.md,https://www.theguardian.com/global-development/2025/oct/04/maya-heineken-brewery-yucatan-mexico-cenote-ring,2025-10-04,2026-06-26,landing_page_only,metadata_only_capture_blocked,94cb2b32e20bcd65a95327cd0e3d9505bbfa00c693b28a0376405e5d15190366,News page represented as metadata/evidence summary only; no full-page PDF capture stored.
NEWS_2025_IN_chhatarpur-toxic-discharge_N002,news,NGT orders probe into toxic discharge from Chhatarpur brewery,sources/news/NEWS_2025_IN_chhatarpur-toxic-discharge_N002.md,https://timesofindia.indiatimes.com/city/bhopal/ngt-orders-probe-into-toxic-discharge-from-chhatarpur-brewery/articleshow/124729061.cms,2025-10-22,2026-06-26,landing_page_only,metadata_only_capture_blocked,0a891677e6f715d8500a3ab84cdd65f78e424553ff0cb4ef778a3d1dde81b11b,News page represented as metadata/evidence summary only; allegations require official case-file confirmation.
NEWS_2025_US_island-brewing-noise_N003,news,"Carpinteria Residents Sue City, Island Brewing Co. Over Live Music",sources/news/NEWS_2025_US_island-brewing-noise_N003.md,https://www.noozhawk.com/carpinteria-residents-sue-city-island-brewing-co-over-live-music/,2025-09-17,2026-06-26,landing_page_only,metadata_only_capture_blocked,b498c14878020ae05ab214655f99b7446bfed950ba4c2208929e19ea142f6e19,News page represented as metadata/evidence summary only; court filings would strengthen legal outcome coding.
NEWS_2019_US_maui-clean-water-brewers_N004,news,How a Supreme Court case about water pollution could impact craft beer,sources/news/NEWS_2019_US_maui-clean-water-brewers_N004.md,https://www.fooddive.com/news/how-a-supreme-court-case-about-water-pollution-could-impact-craft-beer/565176/,2019-10-17,2026-06-26,landing_page_only,metadata_only_capture_blocked,c7104beaa66bff090aa4636cf5a8aa170c7bb687b323531f8ad9478aff9f2876,"Included because it documents brewery participation in a water-pollution legal conflict, not a consumer beer recommendation."
ARTICLE_2017_US_neighborhood-change-pint_A001,scholarly_article,"Neighborhood Change, One Pint at a Time: The Impact of Local Characteristics on Craft Breweries",sources/metadata_only/ARTICLE_2017_US_neighborhood-change-pint_A001.md,https://jmbarajas.com/publication/beer-chapter/beer-chapter.pdf,2017,2026-06-26,unknown,metadata_only_full_text_needed,a53010ba5616dab2376d39fc235fe33daca9819ad9520eb927bfc9476e947170,PDF URL identified but not downloaded because automated retrieval returned a 403/tunnel error in this environment; coding uses visible metadata/snippets and needs direct full-text confirmation.
ARTICLE_2018_US_craft-breweries-local-characteristics_A002,scholarly_article,The Impact of Local Characteristics on Craft Breweries,sources/metadata_only/ARTICLE_2018_US_craft-breweries-local-characteristics_A002.md,https://arxiv.org/pdf/1802.03140,2018-02-08,2026-06-26,unknown,metadata_only_full_text_needed,2549329c4f0504cc9c60c666d2eed177cd38895da047d7cb2b47d6a3fc8f9090,PDF URL identified but not downloaded because automated retrieval returned a 403/tunnel error in this environment; coding uses visible metadata/snippets and needs direct full-text confirmation.
REPORT_2020_US_brewery-pollution-prevention_R001,government_record,Pollution Prevention: Brewing Success with P2 Grantees,sources/metadata_only/REPORT_2020_US_brewery-pollution-prevention_R001.md,https://portal.ct.gov/-/media/DEEP/p2/business_industry/Breweries/P2-Brewery-Factsheet_Oct2020EPA.pdf,2020-10,2026-06-26,unknown,metadata_only_full_text_needed,f8b1086ff0c889222c56137f228cebc4b38b104ff24f69d562a5464a850934e9,PDF URL identified but not downloaded because automated retrieval returned a 403/tunnel error in this environment; coding uses visible metadata/snippets and needs direct full-text confirmation.
REPORT_2020_US_brewery-wastewater-bmps_R002,government_record,Wastewater Best Management Practices for Breweries,sources/metadata_only/REPORT_2020_US_brewery-wastewater-bmps_R002.md,https://www.des.nh.gov/sites/g/files/ehbemt341/files/documents/2020-01/wastewater-bmps-breweries.pdf,2020-01,2026-06-26,unknown,metadata_only_full_text_needed,f035fe885c077cf6a727ca808077f08bb03c7db77a4d67c108f016873d40ee9e,PDF URL identified but not downloaded because automated retrieval returned a 403/tunnel error in this environment; coding uses visible metadata/snippets and needs direct full-text confirmation.
ARTICLE_2026_GLOBAL_small-breweries-footprints_A003,metadata_only,"Small Breweries, Large Footprints? Environmental Implications of Craft Brewing",sources/metadata_only/ARTICLE_2026_GLOBAL_small-breweries-footprints_A003.md,https://www.mdpi.com/2076-3298/13/3/164,2026,2026-06-26,unknown,metadata_only_full_text_needed,3b827d68a99d359421bfb59156f2c73935d5aa3c535ee2172c3110f629798034,Full text not downloaded; table coding is based on metadata and abstract/snippet only. Full text access is needed for confirmation.
NEWS_2019_MX_constellation-mexicali-water_N005,news,"In Baja California, they choose between water and beer",sources/news/NEWS_2019_MX_constellation-mexicali-water_N005.md,https://dialogue.earth/es/agua/26653-en-baja-california-escogen-entre-agua-y-cerveza/,2019-04-25,2026-06-26,landing_page_only,metadata_only_capture_blocked,fc316c2c5ae402f81c4b7ab98a715fddce0896ea08dd51ed21d7ea5aee348b29,Spanish-language source; original title/excerpt and English equivalent included. Page represented as metadata/evidence Markdown only.
ARTICLE_2021_MX_resistencias-cervecera-mexicali_A004,scholarly_article,The United Resistance Movement against the transnational brewer Constellation Brands in Mexicali,sources/metadata_only/ARTICLE_2021_MX_resistencias-cervecera-mexicali_A004.md,https://revistas.usantotomas.edu.co/index.php/campos/article/view/7665,2021,2026-06-26,abstract_only,metadata_only_full_text_needed,d81b253b3d4c97c4502af7bd5fccab2bc2a6831e4b99f4005d426231334a3e61,Spanish scholarly record; full text not downloaded. Coding uses visible metadata/snippet and needs full-text confirmation.
NEWS_2024_AR_ogham-bariloche-noise_N006,news,Long-time Bariloche resident denounces health harms from noise at a brewery without adequate authorization,sources/news/NEWS_2024_AR_ogham-bariloche-noise_N006.md,https://baribache3000.com.ar/nota/1359/vecino-historico-de-bariloche-denuncia-danos-a-la-salud-por-ruidos-de-cerveceria-sin-habilitacion-adecuada/,2024,2026-06-26,landing_page_only,metadata_only_capture_blocked,2ea013fc2bba4720e4b06cba48a69f6a1cd29ad6ea252580ec51c10153746e1e,Spanish-language craft brewery noise source; original title/excerpt and English equivalent included.
NEWS_2017_AR_boom-cervecerias-ruidos_N007,news,The other side of the brewery boom: complaints about nuisance noise grow,sources/news/NEWS_2017_AR_boom-cervecerias-ruidos_N007.md,https://www.clarin.com/ciudades/cara-boom-cervecerias-crecen-quejas-ruidos-molestos_0_HJnVTnkIz.html,2017,2026-06-26,landing_page_only,metadata_only_capture_blocked,1ef38d2614dc02fb7190dc4c92c7c3cd6f6fd8e71589eb4f8b2c8efce984040f,Spanish-language craft brewery source; limited snippet access lowers confidence.
NEWS_2022_BR_delta-porto-alegre-noise_N008,news,Residents and brewery in the 4th District enter into conflict,sources/news/NEWS_2022_BR_delta-porto-alegre-noise_N008.md,https://www.jornaldocomercio.com/_conteudo/colunas/pensar_a_cidade/2022/05/846355-moradores-e-cervejaria-no-4-distrito-entram-em-conflito.html,2022-05,2026-06-26,landing_page_only,metadata_only_capture_blocked,91fa71df384d603b1053991f334508585debb3973a5296f00e0b27c10570a62b,Portuguese-language craft brewery noise/legal conflict source with original and English equivalent.
NEWS_2020_BR_belorizontina-contaminacao_N009,news,Ministry confirms water contamination in beer production,sources/news/NEWS_2020_BR_belorizontina-contaminacao_N009.md,https://agenciabrasil.ebc.com.br/geral/noticia/2020-01/ministerio-confirma-contaminacao-da-agua-na-producao-de-cervejas,2020-01-16,2026-06-26,landing_page_only,metadata_only_capture_blocked,179bac07eaac20462b9356013efcd95821eb3a92d02735cceeec08d3960dbcd6,Portuguese-language craft beer contamination source with original and English equivalent.
REPORT_2024_FR_microbrasseries-eau-effluents_R003,government_record,Managing water and effluents in microbreweries,sources/reports/REPORT_2024_FR_microbrasseries-eau-effluents_R003.md,https://enilea.fr/uploads/2024/03/GUIDE-METHODOLOGIQUE-Projet_beer_EAU_EFFLUENT_BRASSERIE_ENIL.pdf,2024-03,2026-06-26,unknown,metadata_only_full_text_needed,578406eeeb612955cd5281ddb449fb6b8c0edfdd25dbab964aa243bba6cd04d0,"French microbrewery water/effluent guide; PDF URL identified, represented as metadata/evidence record for review."
REPORT_2023_FR_biere-impact-eau_R004,industry_report,Water consumption and transport: how to improve the beer industry’s environmental impact?,sources/reports/REPORT_2023_FR_biere-impact-eau_R004.md,https://blog.sowefund.com/consommation-deau-et-transports-comment-ameliorer-limpact-qua-lindustrie-de-la-biere-sur-lenvironnement/,2023,2026-06-26,landing_page_only,metadata_only_capture_blocked,59f5aa0f418f67e7f6b3daf58ce00ca3cba97982c73472d8ed4e3fd1bd68567f,"French contextual source; not a specific conflict case, included to broaden language coverage on beer water-use mechanisms."
NEWS_2019_NL_davo-brouwerij-overlast_N010,news,Local residents are completely fed up with nuisance from the DAVO brewery-pub,sources/news/NEWS_2019_NL_davo-brouwerij-overlast_N010.md,https://www.salland1.nl/omwonenden-zijn-overlast-van-de-davo-brouwerij-pub-helemaal-zat/,2019,2026-06-26,landing_page_only,metadata_only_capture_blocked,7fe8153a0bcd07b40c49a6410855064f4aa515146ce72a877db819526c9d2b54,Dutch craft brewery-pub nuisance source with original and English equivalent.
LEGAL_2021_NL_biercafe-geluidsoverlast_L001,legal_case,Decision 202007160/1/A3 - beer café operating permit and noise nuisance,sources/legal_policy/LEGAL_2021_NL_biercafe-geluidsoverlast_L001.md,https://www.raadvanstate.nl/%40127557/202007160-1-a3/,2021,2026-06-26,open_access,html_saved,0e4bc8263031dcd407b0d2deb526d388e1e1ad75d73c057202309ee9f6186549,Dutch legal/policy source; HTML decision represented as metadata Markdown with original and English excerpt.
REPORT_2024_BE_vlarem-microbrouwerijen-afvalwater_R005,government_record,Classification of wastewater from (micro)breweries - VLAREM section 3.4,sources/reports/REPORT_2024_BE_vlarem-microbrouwerijen-afvalwater_R005.md,https://omgeving.vlaanderen.be/nl/indeling-afvalwater-microbrouwerijen-vlarem-rubriek-34,2024,2026-06-26,open_access,html_saved,a8ac88ec34f40e183abb81026995ac6508a53b0192d2fd2666ef9e1dbfbc0317,Dutch-language Flemish regulatory source for microbrewery wastewater classification.
NEWS_2026_DE_bier-aus-klaeranlage_N011,news,Beer of the future with water from the wastewater treatment plant?,sources/news/NEWS_2026_DE_bier-aus-klaeranlage_N011.md,https://www.br.de/nachrichten/bayern/ressource-wasser-wird-das-bier-der-zukunft-aus-urin-gebraut%2CVJh74eO,2026-05-19,2026-06-26,landing_page_only,metadata_only_capture_blocked,03146efd8e89dfc63003d20c37d3811ce64fa457c6845350266e55dbbbfc1e21,"German-language water reuse source; not a dispute, included for drought/water-pressure context."
REPORT_2019_IT_effluenti-industria-birra_R006,industry_report,Treatment of effluents in the beer industry and valorization of liquid residues,sources/reports/REPORT_2019_IT_effluenti-industria-birra_R006.md,https://condorchem.com/it/blog/trattamento-degli-effluenti-nell-industria-della-birra-e-valorizzazione-dei-suoi-residui-liquidi/,2019,2026-06-26,landing_page_only,metadata_only_capture_blocked,177523f001b5d2a8ea1fc914d7824d37abd442fe2a1a615a8a7902a6ff2afa3c,Italian contextual wastewater source; not a specific conflict case.
REPORT_2025_IT_molestia-movida-rumore_R007,legal_case,Noise. Nightlife and acoustic pollution: uncertainty in the Court of Cassation,sources/legal_policy/REPORT_2025_IT_molestia-movida-rumore_R007.md,https://www.lexambiente.com/index.php/materie/rumore/dottrina180/rumore-movida-e-inquinamento-acustico-lincertezza-della-cassazione,2025,2026-06-26,landing_page_only,metadata_only_capture_blocked,f93e32a0bc18441f65e0164ef0b28e7ef9e85fa3be08bc28de1ce1a4fb39b6cd,"Italian contextual nightlife-noise legal source; included cautiously for beer-pub/craft-venue comparison, not as a brewery-specific case."
